{
  "id": "98ded6f2-ebd8-4c9a-9e2a-df2eaf5400a6",
  "prevId": "00000000-0000-0000-0000-000000000000",
  "version": "7",
  "dialect": "postgresql",
  "tables": {
    "public.achievements": {
      "name": "achievements",
      "schema": "",
      "columns": {
        "id": {
          "name": "id",
          "type": "serial",
          "primaryKey": true,
          "notNull": true
        },
        "user_id": {
          "name": "user_id",
          "type": "integer",
          "primaryKey": false,
          "notNull": true
        },
        "metadata": {
          "name": "metadata",
          "type": "jsonb",
          "primaryKey": false,
          "notNull": false
        },
        "achievement_type": {
          "name": "achievement_type",
          "type": "text",
          "primaryKey": false,
          "notNull": true
        },
        "date_unlocked": {
          "name": "date_unlocked",
          "type": "text",
          "primaryKey": false,
          "notNull": true
        }
      },
      "indexes": {},
      "foreignKeys": {},
      "compositePrimaryKeys": {},
      "uniqueConstraints": {},
      "policies": {},
      "checkConstraints": {},
      "isRLSEnabled": false
    },
    "public.ai_albums": {
      "name": "ai_albums",
      "schema": "",
      "columns": {
        "id": {
          "name": "id",
          "type": "serial",
          "primaryKey": true,
          "notNull": true
        },
        "title": {
          "name": "title",
          "type": "text",
          "primaryKey": false,
          "notNull": true
        },
        "rapper_id": {
          "name": "rapper_id",
          "type": "integer",
          "primaryKey": false,
          "notNull": true
        },
        "release_date": {
          "name": "release_date",
          "type": "timestamp",
          "primaryKey": false,
          "notNull": true,
          "default": "now()"
        },
        "cover_art": {
          "name": "cover_art",
          "type": "text",
          "primaryKey": false,
          "notNull": false
        },
        "streams": {
          "name": "streams",
          "type": "integer",
          "primaryKey": false,
          "notNull": true,
          "default": 0
        },
        "chart_position": {
          "name": "chart_position",
          "type": "integer",
          "primaryKey": false,
          "notNull": false
        },
        "previous_position": {
          "name": "previous_position",
          "type": "integer",
          "primaryKey": false,
          "notNull": false
        },
        "weeks_on_chart": {
          "name": "weeks_on_chart",
          "type": "integer",
          "primaryKey": false,
          "notNull": true,
          "default": 1
        },
        "is_active": {
          "name": "is_active",
          "type": "boolean",
          "primaryKey": false,
          "notNull": true,
          "default": true
        },
        "metadata": {
          "name": "metadata",
          "type": "jsonb",
          "primaryKey": false,
          "notNull": false
        }
      },
      "indexes": {},
      "foreignKeys": {
        "ai_albums_rapper_id_ai_rappers_id_fk": {
          "name": "ai_albums_rapper_id_ai_rappers_id_fk",
          "tableFrom": "ai_albums",
          "tableTo": "ai_rappers",
          "columnsFrom": [
            "rapper_id"
          ],
          "columnsTo": [
            "id"
          ],
          "onDelete": "no action",
          "onUpdate": "no action"
        }
      },
      "compositePrimaryKeys": {},
      "uniqueConstraints": {},
      "policies": {},
      "checkConstraints": {},
      "isRLSEnabled": false
    },
    "public.ai_rappers": {
      "name": "ai_rappers",
      "schema": "",
      "columns": {
        "id": {
          "name": "id",
          "type": "serial",
          "primaryKey": true,
          "notNull": true
        },
        "name": {
          "name": "name",
          "type": "text",
          "primaryKey": false,
          "notNull": true
        },
        "image": {
          "name": "image",
          "type": "text",
          "primaryKey": false,
          "notNull": false
        },
        "bio": {
          "name": "bio",
          "type": "text",
          "primaryKey": false,
          "notNull": false
        },
        "popularity": {
          "name": "popularity",
          "type": "integer",
          "primaryKey": false,
          "notNull": true,
          "default": 50
        },
        "monthly_listeners": {
          "name": "monthly_listeners",
          "type": "integer",
          "primaryKey": false,
          "notNull": true
        },
        "career_stage": {
          "name": "career_stage",
          "type": "text",
          "primaryKey": false,
          "notNull": false
        },
        "genre": {
          "name": "genre",
          "type": "text",
          "primaryKey": false,
          "notNull": false
        },
        "is_active": {
          "name": "is_active",
          "type": "boolean",
          "primaryKey": false,
          "notNull": true,
          "default": true
        },
        "metadata": {
          "name": "metadata",
          "type": "jsonb",
          "primaryKey": false,
          "notNull": false
        },
        "created_at": {
          "name": "created_at",
          "type": "timestamp",
          "primaryKey": false,
          "notNull": true,
          "default": "now()"
        },
        "updated_at": {
          "name": "updated_at",
          "type": "timestamp",
          "primaryKey": false,
          "notNull": true,
          "default": "now()"
        }
      },
      "indexes": {},
      "foreignKeys": {},
      "compositePrimaryKeys": {},
      "uniqueConstraints": {},
      "policies": {},
      "checkConstraints": {},
      "isRLSEnabled": false
    },
    "public.ai_songs": {
      "name": "ai_songs",
      "schema": "",
      "columns": {
        "id": {
          "name": "id",
          "type": "serial",
          "primaryKey": true,
          "notNull": true
        },
        "title": {
          "name": "title",
          "type": "text",
          "primaryKey": false,
          "notNull": true
        },
        "rapper_id": {
          "name": "rapper_id",
          "type": "integer",
          "primaryKey": false,
          "notNull": true
        },
        "streams": {
          "name": "streams",
          "type": "integer",
          "primaryKey": false,
          "notNull": true,
          "default": 0
        },
        "release_date": {
          "name": "release_date",
          "type": "timestamp",
          "primaryKey": false,
          "notNull": true,
          "default": "now()"
        },
        "cover_art": {
          "name": "cover_art",
          "type": "text",
          "primaryKey": false,
          "notNull": false
        },
        "chart_position": {
          "name": "chart_position",
          "type": "integer",
          "primaryKey": false,
          "notNull": false
        },
        "previous_position": {
          "name": "previous_position",
          "type": "integer",
          "primaryKey": false,
          "notNull": false
        },
        "weeks_on_chart": {
          "name": "weeks_on_chart",
          "type": "integer",
          "primaryKey": false,
          "notNull": true,
          "default": 1
        },
        "is_active": {
          "name": "is_active",
          "type": "boolean",
          "primaryKey": false,
          "notNull": true,
          "default": true
        },
        "performance_type": {
          "name": "performance_type",
          "type": "text",
          "primaryKey": false,
          "notNull": false
        },
        "metadata": {
          "name": "metadata",
          "type": "jsonb",
          "primaryKey": false,
          "notNull": false
        }
      },
      "indexes": {},
      "foreignKeys": {
        "ai_songs_rapper_id_ai_rappers_id_fk": {
          "name": "ai_songs_rapper_id_ai_rappers_id_fk",
          "tableFrom": "ai_songs",
          "tableTo": "ai_rappers",
          "columnsFrom": [
            "rapper_id"
          ],
          "columnsTo": [
            "id"
          ],
          "onDelete": "no action",
          "onUpdate": "no action"
        }
      },
      "compositePrimaryKeys": {},
      "uniqueConstraints": {},
      "policies": {},
      "checkConstraints": {},
      "isRLSEnabled": false
    },
    "public.chart_history": {
      "name": "chart_history",
      "schema": "",
      "columns": {
        "id": {
          "name": "id",
          "type": "serial",
          "primaryKey": true,
          "notNull": true
        },
        "chart_type": {
          "name": "chart_type",
          "type": "text",
          "primaryKey": false,
          "notNull": true
        },
        "chart_date": {
          "name": "chart_date",
          "type": "timestamp",
          "primaryKey": false,
          "notNull": true,
          "default": "now()"
        },
        "entry_id": {
          "name": "entry_id",
          "type": "text",
          "primaryKey": false,
          "notNull": true
        },
        "position": {
          "name": "position",
          "type": "integer",
          "primaryKey": false,
          "notNull": true
        },
        "is_player": {
          "name": "is_player",
          "type": "boolean",
          "primaryKey": false,
          "notNull": true
        },
        "metadata": {
          "name": "metadata",
          "type": "jsonb",
          "primaryKey": false,
          "notNull": false
        }
      },
      "indexes": {},
      "foreignKeys": {},
      "compositePrimaryKeys": {},
      "uniqueConstraints": {},
      "policies": {},
      "checkConstraints": {},
      "isRLSEnabled": false
    },
    "public.game_saves": {
      "name": "game_saves",
      "schema": "",
      "columns": {
        "id": {
          "name": "id",
          "type": "serial",
          "primaryKey": true,
          "notNull": true
        },
        "user_id": {
          "name": "user_id",
          "type": "integer",
          "primaryKey": false,
          "notNull": true
        },
        "save_data": {
          "name": "save_data",
          "type": "jsonb",
          "primaryKey": false,
          "notNull": true
        },
        "save_slot": {
          "name": "save_slot",
          "type": "integer",
          "primaryKey": false,
          "notNull": true
        },
        "active": {
          "name": "active",
          "type": "boolean",
          "primaryKey": false,
          "notNull": false,
          "default": true
        },
        "last_saved": {
          "name": "last_saved",
          "type": "text",
          "primaryKey": false,
          "notNull": true
        }
      },
      "indexes": {},
      "foreignKeys": {},
      "compositePrimaryKeys": {},
      "uniqueConstraints": {},
      "policies": {},
      "checkConstraints": {},
      "isRLSEnabled": false
    },
    "public.promo_codes": {
      "name": "promo_codes",
      "schema": "",
      "columns": {
        "id": {
          "name": "id",
          "type": "serial",
          "primaryKey": true,
          "notNull": true
        },
        "code": {
          "name": "code",
          "type": "text",
          "primaryKey": false,
          "notNull": true
        },
        "discount_percentage": {
          "name": "discount_percentage",
          "type": "integer",
          "primaryKey": false,
          "notNull": false
        },
        "discount_amount": {
          "name": "discount_amount",
          "type": "integer",
          "primaryKey": false,
          "notNull": false
        },
        "currency_bonus": {
          "name": "currency_bonus",
          "type": "integer",
          "primaryKey": false,
          "notNull": false
        },
        "valid_from": {
          "name": "valid_from",
          "type": "timestamp",
          "primaryKey": false,
          "notNull": true,
          "default": "now()"
        },
        "valid_until": {
          "name": "valid_until",
          "type": "timestamp",
          "primaryKey": false,
          "notNull": false
        },
        "max_uses": {
          "name": "max_uses",
          "type": "integer",
          "primaryKey": false,
          "notNull": false
        },
        "uses_count": {
          "name": "uses_count",
          "type": "integer",
          "primaryKey": false,
          "notNull": true,
          "default": 0
        },
        "applicable_products": {
          "name": "applicable_products",
          "type": "jsonb",
          "primaryKey": false,
          "notNull": false
        },
        "is_active": {
          "name": "is_active",
          "type": "boolean",
          "primaryKey": false,
          "notNull": true,
          "default": true
        },
        "created_at": {
          "name": "created_at",
          "type": "timestamp",
          "primaryKey": false,
          "notNull": true,
          "default": "now()"
        }
      },
      "indexes": {},
      "foreignKeys": {},
      "compositePrimaryKeys": {},
      "uniqueConstraints": {
        "promo_codes_code_unique": {
          "name": "promo_codes_code_unique",
          "nullsNotDistinct": false,
          "columns": [
            "code"
          ]
        }
      },
      "policies": {},
      "checkConstraints": {},
      "isRLSEnabled": false
    },
    "public.purchases": {
      "name": "purchases",
      "schema": "",
      "columns": {
        "id": {
          "name": "id",
          "type": "serial",
          "primaryKey": true,
          "notNull": true
        },
        "user_id": {
          "name": "user_id",
          "type": "integer",
          "primaryKey": false,
          "notNull": true
        },
        "product_id": {
          "name": "product_id",
          "type": "text",
          "primaryKey": false,
          "notNull": true
        },
        "transaction_id": {
          "name": "transaction_id",
          "type": "text",
          "primaryKey": false,
          "notNull": true
        },
        "purchase_token": {
          "name": "purchase_token",
          "type": "text",
          "primaryKey": false,
          "notNull": false
        },
        "receipt_data": {
          "name": "receipt_data",
          "type": "text",
          "primaryKey": false,
          "notNull": false
        },
        "amount": {
          "name": "amount",
          "type": "integer",
          "primaryKey": false,
          "notNull": false
        },
        "status": {
          "name": "status",
          "type": "text",
          "primaryKey": false,
          "notNull": true
        },
        "purchase_time": {
          "name": "purchase_time",
          "type": "timestamp",
          "primaryKey": false,
          "notNull": true,
          "default": "now()"
        },
        "verification_time": {
          "name": "verification_time",
          "type": "timestamp",
          "primaryKey": false,
          "notNull": false
        },
        "platform": {
          "name": "platform",
          "type": "text",
          "primaryKey": false,
          "notNull": true
        },
        "metadata": {
          "name": "metadata",
          "type": "jsonb",
          "primaryKey": false,
          "notNull": false
        },
        "promo_code_id": {
          "name": "promo_code_id",
          "type": "integer",
          "primaryKey": false,
          "notNull": false
        }
      },
      "indexes": {},
      "foreignKeys": {},
      "compositePrimaryKeys": {},
      "uniqueConstraints": {
        "purchases_transaction_id_unique": {
          "name": "purchases_transaction_id_unique",
          "nullsNotDistinct": false,
          "columns": [
            "transaction_id"
          ]
        }
      },
      "policies": {},
      "checkConstraints": {},
      "isRLSEnabled": false
    },
    "public.subscriptions": {
      "name": "subscriptions",
      "schema": "",
      "columns": {
        "id": {
          "name": "id",
          "type": "serial",
          "primaryKey": true,
          "notNull": true
        },
        "user_id": {
          "name": "user_id",
          "type": "integer",
          "primaryKey": false,
          "notNull": true
        },
        "plan_id": {
          "name": "plan_id",
          "type": "text",
          "primaryKey": false,
          "notNull": true
        },
        "status": {
          "name": "status",
          "type": "text",
          "primaryKey": false,
          "notNull": true
        },
        "start_date": {
          "name": "start_date",
          "type": "timestamp",
          "primaryKey": false,
          "notNull": true,
          "default": "now()"
        },
        "end_date": {
          "name": "end_date",
          "type": "timestamp",
          "primaryKey": false,
          "notNull": false
        },
        "cancel_date": {
          "name": "cancel_date",
          "type": "timestamp",
          "primaryKey": false,
          "notNull": false
        },
        "auto_renew": {
          "name": "auto_renew",
          "type": "boolean",
          "primaryKey": false,
          "notNull": false,
          "default": true
        },
        "last_billing_date": {
          "name": "last_billing_date",
          "type": "timestamp",
          "primaryKey": false,
          "notNull": true,
          "default": "now()"
        },
        "next_billing_date": {
          "name": "next_billing_date",
          "type": "timestamp",
          "primaryKey": false,
          "notNull": false
        },
        "billing_period": {
          "name": "billing_period",
          "type": "text",
          "primaryKey": false,
          "notNull": true
        },
        "trial_end": {
          "name": "trial_end",
          "type": "timestamp",
          "primaryKey": false,
          "notNull": false
        },
        "cancel_at_period_end": {
          "name": "cancel_at_period_end",
          "type": "boolean",
          "primaryKey": false,
          "notNull": false,
          "default": false
        },
        "latest_purchase_id": {
          "name": "latest_purchase_id",
          "type": "integer",
          "primaryKey": false,
          "notNull": false
        },
        "metadata": {
          "name": "metadata",
          "type": "jsonb",
          "primaryKey": false,
          "notNull": false
        }
      },
      "indexes": {},
      "foreignKeys": {},
      "compositePrimaryKeys": {},
      "uniqueConstraints": {},
      "policies": {},
      "checkConstraints": {},
      "isRLSEnabled": false
    },
    "public.users": {
      "name": "users",
      "schema": "",
      "columns": {
        "id": {
          "name": "id",
          "type": "serial",
          "primaryKey": true,
          "notNull": true
        },
        "username": {
          "name": "username",
          "type": "text",
          "primaryKey": false,
          "notNull": true
        },
        "password": {
          "name": "password",
          "type": "text",
          "primaryKey": false,
          "notNull": true
        },
        "premium_user": {
          "name": "premium_user",
          "type": "boolean",
          "primaryKey": false,
          "notNull": false,
          "default": false
        },
        "subscription_active": {
          "name": "subscription_active",
          "type": "boolean",
          "primaryKey": false,
          "notNull": false,
          "default": false
        },
        "subscription_id": {
          "name": "subscription_id",
          "type": "text",
          "primaryKey": false,
          "notNull": false
        },
        "subscription_expiry": {
          "name": "subscription_expiry",
          "type": "timestamp",
          "primaryKey": false,
          "notNull": false
        }
      },
      "indexes": {},
      "foreignKeys": {},
      "compositePrimaryKeys": {},
      "uniqueConstraints": {
        "users_username_unique": {
          "name": "users_username_unique",
          "nullsNotDistinct": false,
          "columns": [
            "username"
          ]
        }
      },
      "policies": {},
      "checkConstraints": {},
      "isRLSEnabled": false
    }
  },
  "enums": {},
  "schemas": {},
  "sequences": {},
  "roles": {},
  "policies": {},
  "views": {},
  "_meta": {
    "columns": {},
    "schemas": {},
    "tables": {}
  }
}